day,avg_energy,temperatureMax,humidity,windSpeed,weather_cluster,holiday_ind,year,month
2011-11-23,6.952692315384615,10.36,0.93,2.04,0,0,2011,11
2011-11-24,8.536479995999999,12.93,0.89,4.04,2,0,2011,11
2011-11-25,9.499781246875001,13.03,0.79,5.02,2,0,2011,11
2011-11-26,10.267707309756098,12.96,0.81,5.75,2,0,2011,11
2011-11-27,10.850804892682927,13.54,0.72,5.48,2,0,2011,11
2011-11-28,9.103381814545456,12.58,0.86,2.34,2,0,2011,11
2011-11-29,9.274873023809523,13.47,0.82,6.48,2,0,2011,11
2011-11-30,8.813513157894738,11.87,0.78,4.43,2,0,2011,11
2011-12-01,9.227706527173913,12.15,0.82,2.57,2,0,2011,12
2011-12-02,10.145910005000001,8.07,0.87,3.0,0,0,2011,12
2011-12-03,10.78027272909091,11.42,0.79,5.42,2,0,2011,12
2011-12-04,12.163127274545456,9.11,0.82,4.31,0,0,2011,12
2011-12-05,10.60971428888889,6.87,0.77,5.57,0,0,2011,12
2011-12-06,11.673416666666666,6.91,0.83,4.79,0,0,2011,12
2011-12-07,10.889361845394737,9.02,0.68,7.06,0,0,2011,12
2011-12-08,11.525149698802396,12.89,0.81,7.01,2,0,2011,12
2011-12-09,11.759836954891304,7.68,0.71,5.65,0,0,2011,12
2011-12-10,12.633800992537314,6.08,0.81,3.08,0,0,2011,12
2011-12-11,13.749174137313434,8.59,0.88,3.94,0,0,2011,12
2011-12-12,11.951958332407408,9.82,0.84,5.02,0,0,2011,12
2011-12-13,11.957446429464285,12.08,0.75,7.44,2,0,2011,12
2011-12-14,12.392775862931034,5.92,0.79,4.48,1,0,2011,12
2011-12-15,12.307079370634922,7.97,0.77,4.71,0,0,2011,12
2011-12-16,13.376080141603055,4.68,0.88,3.71,1,0,2011,12
2011-12-17,13.511967853928573,5.35,0.86,3.99,1,0,2011,12
2011-12-18,14.732271427499999,5.49,0.84,3.6,1,0,2011,12
2011-12-19,13.774470971612905,6.64,0.94,2.7,0,0,2011,12
2011-12-20,12.709106376291793,8.26,0.81,4.25,0,0,2011,12
2011-12-21,12.148570198567334,12.14,0.94,2.9,2,0,2011,12
2011-12-22,11.839403265940055,12.14,0.87,4.31,2,0,2011,12
2011-12-23,12.254989421428572,11.44,0.85,4.85,2,0,2011,12
2011-12-24,13.06531745899471,8.22,0.8,4.46,0,0,2011,12
2011-12-25,12.949428567460318,11.98,0.83,5.81,2,0,2011,12
2011-12-26,11.065576721957672,12.91,0.84,5.44,2,0,2011,12
2011-12-27,11.494944444444444,10.33,0.74,3.54,0,0,2011,12
2011-12-28,11.790656326614988,11.19,0.77,6.02,2,0,2011,12
2011-12-29,12.144920396268656,9.58,0.76,6.83,2,0,2011,12
2011-12-30,12.40420924890511,10.27,0.84,3.71,0,0,2011,12
2011-12-31,12.436021895133822,12.57,0.89,5.46,2,0,2011,12
2012-01-01,12.46626520510949,12.59,0.9,4.92,2,0,2012,1
2012-01-02,12.754744524330901,7.57,0.81,4.81,0,0,2012,1
2012-01-03,12.74404545382775,12.41,0.82,8.47,2,0,2012,1
2012-01-04,12.741140477142856,9.33,0.78,7.98,2,0,2012,1
2012-01-05,12.848078384560571,11.46,0.7,9.49,2,0,2012,1
2012-01-06,12.719621752245862,9.18,0.78,3.93,0,0,2012,1
2012-01-07,12.76545991226415,10.34,0.72,5.65,2,0,2012,1
2012-01-08,13.395569735933806,9.62,0.75,3.56,0,0,2012,1
2012-01-09,12.449049410117647,12.33,0.84,4.05,2,0,2012,1
2012-01-10,11.976153838694637,11.29,0.87,3.76,2,0,2012,1
2012-01-11,11.981207460606061,11.19,0.84,3.98,2,0,2012,1
2012-01-12,12.056824884331798,12.4,0.81,4.35,2,0,2012,1
2012-01-13,12.52275687591743,6.41,0.83,1.61,0,0,2012,1
2012-01-14,13.496298406833713,6.01,0.86,0.99,1,0,2012,1
2012-01-15,14.03721639476082,6.27,0.78,3.03,0,0,2012,1
2012-01-16,13.04780760738255,6.56,0.74,2.45,0,0,2012,1
2012-01-17,13.2670712688196,5.79,0.83,1.43,1,0,2012,1
2012-01-18,12.789209252863436,11.92,0.93,4.2,2,0,2012,1
2012-01-19,12.274760772413794,11.51,0.85,5.23,2,0,2012,1
2012-01-20,12.783027081041666,10.05,0.78,6.18,2,0,2012,1
2012-01-21,12.735594320283976,12.35,0.75,7.17,2,0,2012,1
2012-01-22,13.720799185598377,11.8,0.68,5.93,2,0,2012,1
2012-01-23,12.614123767583497,8.4,0.78,3.89,0,0,2012,1
2012-01-24,12.872251937403101,9.77,0.95,2.13,0,0,2012,1
2012-01-25,12.553495261290324,9.76,0.9,3.56,0,0,2012,1
2012-01-26,12.372054406191369,9.54,0.8,4.51,0,0,2012,1
2012-01-27,12.471985347435897,8.68,0.78,3.33,0,0,2012,1
2012-01-28,13.367956680685921,6.46,0.86,2.56,0,0,2012,1
2012-01-29,14.127586637184116,4.5,0.89,1.62,1,0,2012,1
2012-01-30,13.451978834391536,3.98,0.79,1.54,1,0,2012,1
2012-01-31,13.890518073666094,2.13,0.84,2.36,1,0,2012,1
2012-02-01,13.814964403220339,3.36,0.67,5.45,1,1,2012,2
2012-02-02,14.368799337335526,1.41,0.59,4.71,1,0,2012,2
2012-02-03,14.521274318660286,1.54,0.67,2.2,1,0,2012,2
2012-02-04,15.154135638643535,0.79,0.8,2.13,1,0,2012,2
2012-02-05,15.940238171924289,1.81,0.96,0.93,1,0,2012,2
2012-02-06,14.046691603053436,4.08,0.92,0.56,1,0,2012,2
2012-02-07,13.882766122638682,2.63,0.75,2.66,1,0,2012,2
2012-02-08,15.197053412611275,0.73,0.78,3.92,1,0,2012,2
2012-02-09,14.402453743465491,1.79,0.81,0.84,1,0,2012,2
2012-02-10,14.607209765229886,1.21,0.81,2.13,1,0,2012,2
2012-02-11,14.873677149571428,1.93,0.78,0.92,1,0,2012,2
2012-02-12,15.878634287142857,4.84,0.88,1.78,1,0,2012,2
2012-02-13,14.305450566525423,6.58,0.9,3.23,0,0,2012,2
2012-02-14,13.653157079102385,8.42,0.76,4.34,0,0,2012,2
2012-02-15,13.054147583586207,10.61,0.73,5.39,2,0,2012,2
2012-02-16,12.593323327012278,10.61,0.74,3.42,0,0,2012,2
2012-02-17,12.441717391983696,11.83,0.84,3.64,2,0,2012,2
2012-02-18,12.954642279674797,10.76,0.79,5.95,2,0,2012,2
2012-02-19,13.755036585230352,6.35,0.64,3.81,0,0,2012,2
2012-02-20,13.306266581830238,8.44,0.7,3.42,0,0,2012,2
2012-02-21,12.639691506274511,11.65,0.76,4.83,2,0,2012,2
2012-02-22,12.883607693717948,10.47,0.84,6.68,2,0,2012,2
2012-02-23,11.622128953223767,16.98,0.84,4.73,2,0,2012,2
2012-02-24,11.533195762219451,14.43,0.83,4.35,2,0,2012,2
2012-02-25,11.80607701590062,12.11,0.67,2.18,2,0,2012,2
2012-02-26,12.444221116024845,12.67,0.74,1.43,2,0,2012,2
2012-02-27,12.19642246092796,11.15,0.85,3.68,2,0,2012,2
2012-02-28,11.568446860144928,13.86,0.86,2.71,2,0,2012,2
2012-02-29,11.516667847805456,12.74,0.85,2.47,2,0,2012,2
2012-03-01,11.219012910093898,15.11,0.8,1.03,2,0,2012,3
2012-03-02,11.84731170359212,8.39,0.91,2.11,0,0,2012,3
2012-03-03,12.207922542774567,14.29,0.82,3.5,2,0,2012,3
2012-03-04,13.463506358034683,9.32,0.9,2.19,0,0,2012,3
2012-03-05,12.716252002405499,9.37,0.64,8.01,2,0,2012,3
2012-03-06,13.029193692004505,7.22,0.78,1.93,0,0,2012,3
2012-03-07,12.757729392538977,10.75,0.78,4.26,2,0,2012,3
2012-03-08,12.044930611453745,12.03,0.68,3.54,2,0,2012,3
2012-03-09,12.156989109803922,10.86,0.78,4.01,2,0,2012,3
2012-03-10,11.925032435891891,15.39,0.81,3.15,2,0,2012,3
2012-03-11,12.048960003351352,15.55,0.81,1.25,2,0,2012,3
2012-03-12,10.987727466383882,13.86,0.87,1.02,2,0,2012,3
2012-03-13,10.996885656860707,10.89,0.86,1.55,0,0,2012,3
2012-03-14,10.992513263877552,12.41,0.8,2.03,2,0,2012,3
2012-03-15,10.969932336616916,16.79,0.82,1.41,2,0,2012,3
2012-03-16,11.309622457792837,9.75,0.76,4.2,0,0,2012,3
2012-03-17,11.832222115576924,10.75,0.87,3.44,2,0,2012,3
2012-03-18,12.155441346442307,9.76,0.82,1.84,0,0,2012,3
2012-03-19,11.055944908683474,13.27,0.68,2.68,2,0,2012,3
2012-03-20,10.730913087191217,14.48,0.72,2.42,2,0,2012,3
2012-03-21,10.380301870080142,15.62,0.67,1.87,2,0,2012,3
2012-03-22,10.204812933129372,15.81,0.72,3.71,2,0,2012,3
2012-03-23,10.12375698137172,19.48,0.74,1.01,2,0,2012,3
2012-03-24,10.227772918923465,18.83,0.74,2.12,2,0,2012,3
2012-03-25,10.69785786568545,13.79,0.78,2.58,2,0,2012,3
2012-10-29,11.005619020471014,12.4,0.89,2.95,2,0,2012,10
2012-10-30,10.808533792788548,10.92,0.84,2.37,0,0,2012,10
2012-10-31,10.826462220619677,12.36,0.79,5.32,2,0,2012,10
2012-11-01,10.78168858606884,11.46,0.85,4.07,2,0,2012,11
2012-11-02,11.026956710777034,9.78,0.77,4.31,0,0,2012,11
2012-11-03,11.392886070041659,9.45,0.79,3.16,0,0,2012,11
2012-11-04,12.618036044086217,8.67,0.92,0.59,0,0,2012,11
2012-11-05,11.39052155884058,9.19,0.83,2.09,0,0,2012,11
2012-11-06,11.532459992487329,9.67,0.87,3.58,0,0,2012,11
2012-11-07,11.246270093320058,9.93,0.86,4.2,0,0,2012,11
2012-11-08,10.945955830104998,12.34,0.78,3.72,2,0,2012,11
2012-11-09,10.933946624895965,11.27,0.8,3.17,2,0,2012,11
2012-11-10,11.421789797774965,10.31,0.91,2.38,0,0,2012,11
2012-11-11,12.024949708954413,9.87,0.88,1.98,0,0,2012,11
2012-11-12,11.402977572381985,12.18,0.92,3.06,2,0,2012,11
2012-11-13,10.704661240586,14.66,0.88,3.23,2,0,2012,11
2012-11-14,10.686837247775768,12.62,0.86,1.86,2,0,2012,11
2012-11-15,10.939482095081376,9.07,0.92,0.62,0,0,2012,11
2012-11-16,11.27753453880651,9.19,0.92,2.0,0,0,2012,11
2012-11-17,11.489669679985536,12.44,0.88,1.69,2,0,2012,11
2012-11-18,12.082729885789188,9.42,0.82,0.72,0,0,2012,11
2012-11-19,11.406281271710052,11.23,0.82,4.13,2,0,2012,11
2012-11-20,11.104792479501086,13.46,0.9,5.74,2,0,2012,11
2012-11-21,11.323918474258857,11.87,0.91,2.82,2,0,2012,11
2012-11-22,10.999051357486438,13.09,0.81,7.58,2,0,2012,11
2012-11-23,11.014705372146862,10.7,0.89,2.71,0,0,2012,11
2012-11-24,12.09491481403509,9.91,0.97,3.43,0,0,2012,11
2012-11-25,12.185806184487436,12.54,0.81,6.54,2,0,2012,11
2012-11-26,11.508233272983725,10.69,0.91,1.29,0,0,2012,11
2012-11-27,11.6814518979566,8.47,0.9,3.98,0,0,2012,11
2012-11-28,11.964667871234859,6.89,0.83,5.17,0,0,2012,11
2012-11-29,12.060980835960947,5.84,0.83,3.2,1,0,2012,11
2012-11-30,12.300572694104883,4.37,0.88,1.55,1,0,2012,11
2012-12-01,13.121752440741412,5.73,0.88,2.68,1,0,2012,12
2012-12-02,13.715528944808248,4.76,0.84,2.1,1,0,2012,12
2012-12-03,12.393292202569206,10.22,0.87,3.55,0,0,2012,12
2012-12-04,12.268467703220555,7.73,0.82,4.36,0,0,2012,12
2012-12-05,12.736527133918234,3.89,0.84,3.05,1,0,2012,12
2012-12-06,13.005750001573807,4.84,0.84,3.07,1,0,2012,12
2012-12-07,12.827951519880607,6.33,0.8,5.63,0,0,2012,12
2012-12-08,12.786986796057151,6.46,0.83,2.14,0,0,2012,12
2012-12-09,13.41899077643335,8.66,0.8,5.44,0,0,2012,12
2012-12-10,12.528336346625656,5.59,0.79,3.93,1,0,2012,12
2012-12-11,11.774059152261216,2.7,0.89,1.67,1,0,2012,12
2012-12-12,13.263260721331644,1.8,0.91,0.73,1,0,2012,12
2012-12-13,13.322344429088277,1.58,0.87,2.09,1,0,2012,12
2012-12-14,13.083142573113806,10.34,0.92,4.22,0,0,2012,12
2012-12-15,12.453758321382056,11.17,0.86,4.93,2,0,2012,12
2012-12-16,12.760848226790882,9.82,0.89,3.07,0,0,2012,12
2012-12-17,11.94202134953863,9.1,0.86,3.79,0,0,2012,12
2012-12-18,11.921504240696626,7.96,0.86,2.17,0,0,2012,12
2012-12-19,12.387810667233273,7.44,0.92,4.02,0,0,2012,12
2012-12-20,12.243113504580014,9.57,0.96,3.54,0,0,2012,12
2012-12-21,11.77679630302646,9.69,0.91,3.21,0,0,2012,12
2012-12-22,12.358784121642197,13.07,0.96,3.91,2,0,2012,12
2012-12-23,11.934522669205657,13.08,0.86,5.51,2,0,2012,12
2012-12-24,12.053878649410484,12.3,0.91,4.28,2,0,2012,12
2012-12-25,12.50931242090662,9.14,0.89,4.39,0,1,2012,12
2012-12-26,11.672571195120623,10.18,0.88,5.05,2,1,2012,12
2012-12-27,11.842862118704645,7.97,0.84,4.09,0,0,2012,12
2012-12-28,11.768871214366044,12.34,0.89,4.78,2,0,2012,12
2012-12-29,11.67416811632209,11.97,0.83,7.6,2,0,2012,12
2012-12-30,11.900980408670415,10.9,0.77,6.82,2,0,2012,12
2012-12-31,11.901235485449927,9.24,0.81,4.55,0,0,2012,12
2013-01-01,11.839174315490657,7.49,0.82,4.0,0,1,2013,1
2013-01-02,12.016655478900581,10.82,0.91,3.72,2,0,2013,1
2013-01-03,11.399221153301887,11.41,0.91,4.36,2,0,2013,1
2013-01-04,11.414949219786001,10.79,0.85,4.28,2,1,2013,1
2013-01-05,11.709835508995285,10.66,0.92,3.15,0,0,2013,1
2013-01-06,12.422263291054255,8.61,0.96,2.23,0,0,2013,1
2013-01-07,11.657582985688373,9.08,0.92,3.27,0,0,2013,1
2013-01-08,11.23940515067102,11.23,0.87,3.71,2,0,2013,1
2013-01-09,11.3348165006165,9.21,0.9,0.93,0,0,2013,1
2013-01-10,12.066789224977326,3.43,0.94,1.55,1,0,2013,1
2013-01-11,12.109949356017426,5.7,0.93,0.4,1,0,2013,1
2013-01-12,13.060453604158345,4.53,0.83,4.76,1,0,2013,1
2013-01-13,13.662229805009984,3.48,0.74,3.13,1,0,2013,1
2013-01-14,13.182834058623822,2.94,0.88,2.08,1,0,2013,1
2013-01-15,12.94372035660069,2.38,0.85,3.28,1,0,2013,1
2013-01-16,13.147535511153498,-0.06,0.91,0.93,1,0,2013,1
2013-01-17,13.278687022337332,2.88,0.83,1.01,1,0,2013,1
2013-01-18,14.045839360912229,1.33,0.85,5.2,1,0,2013,1
2013-01-19,14.703919119865503,0.85,0.86,4.16,1,0,2013,1
2013-01-20,15.021899673300618,0.08,0.91,3.18,1,0,2013,1
2013-01-21,13.640091981839667,1.17,0.9,1.22,1,0,2013,1
2013-01-22,13.526971272672728,2.82,0.88,3.44,1,0,2013,1
2013-01-23,13.344442645573533,2.82,0.82,4.23,1,0,2013,1
2013-01-24,13.36720356667273,2.23,0.79,2.07,1,0,2013,1
2013-01-25,13.420702272738854,2.98,0.8,3.2,1,0,2013,1
2013-01-26,12.848888261492265,7.56,0.86,3.61,0,0,2013,1
2013-01-27,12.928393265368516,10.26,0.77,6.6,2,0,2013,1
2013-01-28,12.347051318471337,10.54,0.84,5.95,2,0,2013,1
2013-01-29,11.618708902129985,13.09,0.89,7.22,2,0,2013,1
2013-01-30,11.080083377334791,12.56,0.77,7.85,2,0,2013,1
2013-01-31,11.2815322518586,9.94,0.74,7.3,2,0,2013,1
2013-02-01,11.580635552032817,8.03,0.85,2.83,0,0,2013,2
2013-02-02,12.359468647921984,5.56,0.71,4.97,1,0,2013,2
2013-02-03,13.305082923018041,9.12,0.82,4.32,0,0,2013,2
2013-02-04,11.623015315952598,10.2,0.71,6.82,2,0,2013,2
2013-02-05,12.010271650574294,6.44,0.73,7.3,0,0,2013,2
2013-02-06,12.251406926654514,6.16,0.75,6.04,0,0,2013,2
2013-02-07,12.238016410849745,5.53,0.71,3.57,1,0,2013,2
2013-02-08,12.112737733430604,5.59,0.78,3.08,1,0,2013,2
2013-02-09,12.858372606273937,3.68,0.86,0.68,1,0,2013,2
2013-02-10,13.598128215684845,4.73,0.93,4.86,1,0,2013,2
2013-02-11,13.058674872775347,1.88,0.93,3.36,1,0,2013,2
2013-02-12,12.940775165536104,2.24,0.76,2.87,1,0,2013,2
2013-02-13,12.71483010850365,3.09,0.73,3.48,1,0,2013,2
2013-02-14,11.98077550569447,10.59,0.81,2.96,0,0,2013,2
2013-02-15,11.552171169635036,9.76,0.77,2.49,0,0,2013,2
2013-02-16,11.562667457492243,10.13,0.7,1.11,0,0,2013,2
2013-02-17,12.029635317275384,9.49,0.84,2.79,0,0,2013,2
2013-02-18,11.510227820372398,7.65,0.83,2.86,0,0,2013,2
2013-02-19,11.385007311371115,10.12,0.79,0.4,0,0,2013,2
2013-02-20,11.72789590342115,4.88,0.78,4.86,1,0,2013,2
2013-02-21,12.553485369769568,2.28,0.59,5.58,1,0,2013,2
2013-02-22,12.856231823475555,1.36,0.63,4.79,1,0,2013,2
2013-02-23,13.24557006737498,1.74,0.68,3.92,1,0,2013,2
2013-02-24,14.014281602546722,2.35,0.71,4.47,1,0,2013,2
2013-02-25,13.05905549357143,4.39,0.83,4.8,1,0,2013,2
2013-02-26,12.573332295915003,4.93,0.91,4.34,1,0,2013,2
2013-02-27,12.05875947950174,6.11,0.83,4.4,0,0,2013,2
2013-02-28,11.990561005420801,7.26,0.8,4.25,0,0,2013,2
2013-03-01,12.048498896231617,6.62,0.78,3.77,0,0,2013,3
2013-03-02,12.30885089249862,4.69,0.72,2.02,1,0,2013,3
2013-03-03,12.735906984044119,7.83,0.8,2.2,0,0,2013,3
2013-03-04,11.481859086644592,8.99,0.78,3.66,0,0,2013,3
2013-03-05,10.860480589622815,16.06,0.74,1.6,2,0,2013,3
2013-03-06,10.675248342347313,13.14,0.72,2.41,2,0,2013,3
2013-03-07,10.889469267813766,9.63,0.93,2.2,0,0,2013,3
2013-03-08,10.928156934684104,9.61,0.96,1.75,0,0,2013,3
2013-03-09,11.55987806107939,8.01,0.9,2.52,0,0,2013,3
2013-03-10,12.823072729773523,3.45,0.82,5.05,1,0,2013,3
2013-03-11,13.106772969747743,1.22,0.73,8.17,1,0,2013,3
2013-03-12,12.852295264929085,3.86,0.63,6.81,1,0,2013,3
2013-03-13,12.119938075340952,6.42,0.73,3.65,0,0,2013,3
2013-03-14,11.786081673764748,6.56,0.67,1.81,0,0,2013,3
2013-03-15,11.590859170709678,8.27,0.81,5.82,0,0,2013,3
2013-03-16,12.186486909457964,7.51,0.85,6.75,0,0,2013,3
2013-03-17,12.57778255272962,7.3,0.88,2.1,0,0,2013,3
2013-03-18,11.816572589134847,7.35,0.91,0.73,0,0,2013,3
2013-03-19,11.38762670507193,7.72,0.83,1.56,0,0,2013,3
2013-03-20,11.663214021070111,5.87,0.86,2.37,1,0,2013,3
2013-03-21,11.504756133886737,6.27,0.75,4.73,0,0,2013,3
2013-03-22,12.071172692490775,5.01,0.79,7.92,1,0,2013,3
2013-03-23,13.429270813162267,3.06,0.92,6.42,1,0,2013,3
2013-03-24,14.191591396473411,1.53,0.78,6.06,1,0,2013,3
2013-03-25,13.118294812202326,1.81,0.65,5.95,1,0,2013,3
2013-03-26,12.916559451200149,1.75,0.65,4.99,1,0,2013,3
2013-03-27,12.496044153186771,3.82,0.64,3.95,1,0,2013,3
2013-03-28,12.050954318124653,4.08,0.66,3.57,1,0,2013,3
2013-03-29,12.231575736212319,5.31,0.63,3.52,1,1,2013,3
2013-03-30,11.791903696284658,4.87,0.69,3.61,1,0,2013,3
2013-03-31,11.93272088883549,4.96,0.68,2.8,1,0,2013,3
2013-10-28,9.8814403397806,16.06,0.81,7.68,2,0,2013,10
2013-10-29,9.912502213166507,12.38,0.77,4.77,2,0,2013,10
2013-10-30,9.929816675755825,13.57,0.8,3.67,2,0,2013,10
2013-10-31,9.970303794972066,13.11,0.89,4.42,2,0,2013,10
2013-11-01,9.821781351666345,13.97,0.89,2.95,2,0,2013,11
2013-11-02,9.977709802137493,15.08,0.82,4.55,2,0,2013,11
2013-11-03,11.044185633660698,11.43,0.74,5.3,2,0,2013,11
2013-11-04,10.321917919788055,9.98,0.82,2.94,0,0,2013,11
2013-11-05,10.710369121202776,12.39,0.83,3.96,2,0,2013,11
2013-11-06,10.478511466351899,14.87,0.88,4.86,2,0,2013,11
2013-11-07,10.119346701947551,14.7,0.83,2.89,2,0,2013,11
2013-11-08,10.531173643758441,11.0,0.9,2.0,0,0,2013,11
2013-11-09,11.306920570387508,7.06,0.9,1.9,0,0,2013,11
2013-11-10,11.553900733153432,9.22,0.79,2.61,0,0,2013,11
2013-11-11,11.00790902066307,12.63,0.91,3.65,2,0,2013,11
2013-11-12,10.404712577565586,13.11,0.85,2.26,2,0,2013,11
2013-11-13,10.669635555591979,9.94,0.82,2.3,0,0,2013,11
2013-11-14,10.644338284744455,9.62,0.74,4.6,0,0,2013,11
2013-11-15,10.788005591880424,9.25,0.72,2.57,0,0,2013,11
2013-11-16,11.29579988286376,9.14,0.87,1.4,0,0,2013,11
2013-11-17,11.881618532239383,9.57,0.87,0.87,0,0,2013,11
2013-11-18,11.044271902527981,9.3,0.92,1.77,0,0,2013,11
2013-11-19,11.095023002976998,6.78,0.74,3.57,0,0,2013,11
2013-11-20,11.833861621637315,6.38,0.85,3.41,0,0,2013,11
2013-11-21,11.63428671185587,7.91,0.78,4.83,0,0,2013,11
2013-11-22,11.509981008546513,7.89,0.76,4.31,0,0,2013,11
2013-11-23,11.770955990519582,7.41,0.82,3.37,0,0,2013,11
2013-11-24,12.427183924970807,8.02,0.78,3.55,0,0,2013,11
2013-11-25,11.567541650389256,7.29,0.77,3.33,0,0,2013,11
2013-11-26,11.44326819772285,7.23,0.72,2.17,0,0,2013,11
2013-11-27,11.299924395401403,10.32,0.89,1.35,0,0,2013,11
2013-11-28,11.053484506860261,9.9,0.87,1.23,0,0,2013,11
2013-11-29,10.996838790175438,10.18,0.77,4.4,0,0,2013,11
2013-11-30,11.530147006667967,8.38,0.73,3.68,0,0,2013,11
2013-12-01,12.262636115288613,9.42,0.83,1.02,0,0,2013,12
2013-12-02,11.239042128847279,9.42,0.79,1.36,0,0,2013,12
2013-12-03,11.414006242282927,7.22,0.72,0.96,0,0,2013,12
2013-12-04,11.356104389268292,8.91,0.77,2.87,0,0,2013,12
2013-12-05,11.815181587614589,10.29,0.73,6.12,2,0,2013,12
2013-12-06,11.605175194882813,7.85,0.7,3.92,0,0,2013,12
2013-12-07,11.924261913085939,8.72,0.85,3.71,0,0,2013,12
2013-12-08,12.080541302382349,11.24,0.83,4.56,2,0,2013,12
2013-12-09,11.223678124609375,11.01,0.89,2.69,0,0,2013,12
2013-12-10,11.378429996851779,9.03,0.91,1.35,0,0,2013,12
2013-12-11,11.707710958962819,6.4,0.93,1.45,0,0,2013,12
2013-12-12,11.641280485045998,8.98,0.94,2.28,0,0,2013,12
2013-12-13,11.39212463238114,11.73,0.85,3.44,2,0,2013,12
2013-12-14,11.736654732785603,11.33,0.81,5.45,2,0,2013,12
2013-12-15,12.257546770273972,12.54,0.91,6.12,2,0,2013,12
2013-12-16,11.170061069289488,12.89,0.89,5.57,2,0,2013,12
2013-12-17,11.370127618027011,7.4,0.9,1.29,0,0,2013,12
2013-12-18,11.299923288375734,10.29,0.88,5.85,2,0,2013,12
2013-12-19,11.444299355214245,9.7,0.78,3.99,0,0,2013,12
2013-12-20,11.489317353375075,10.42,0.79,5.52,2,0,2013,12
2013-12-21,12.1239978481409,11.95,0.86,8.91,2,0,2013,12
2013-12-22,11.942015860701,10.07,0.73,5.66,2,0,2013,12
2013-12-23,12.046325175900549,11.95,0.84,8.48,2,0,2013,12
2013-12-24,11.9816715628868,11.93,0.81,6.67,2,0,2013,12
2013-12-25,12.542846951048404,7.19,0.85,2.47,0,1,2013,12
2013-12-26,11.655858515167548,7.64,0.92,2.27,0,1,2013,12
2013-12-27,11.661978447570533,10.99,0.75,7.86,2,0,2013,12
2013-12-28,11.379025867117383,7.81,0.77,3.17,0,0,2013,12
2013-12-29,11.973592787575937,7.56,0.84,3.07,0,0,2013,12
2013-12-30,11.813610424926514,10.22,0.83,6.58,2,0,2013,12
2013-12-31,11.91391723983134,10.36,0.85,4.72,2,0,2013,12
2014-01-01,12.302586389860757,11.34,0.86,7.2,2,1,2014,1
2014-01-02,11.22334718637522,10.75,0.82,4.89,2,0,2014,1
2014-01-03,11.489046069496178,10.49,0.78,7.66,2,0,2014,1
2014-01-04,11.995096292351443,9.58,0.84,4.46,0,0,2014,1
2014-01-05,12.611274064105078,11.96,0.87,4.4,2,0,2014,1
2014-01-06,11.408516368829641,12.57,0.78,8.3,2,0,2014,1
2014-01-07,11.268233677769064,11.38,0.78,7.3,2,0,2014,1
2014-01-08,11.00615098007843,11.62,0.85,4.15,2,0,2014,1
2014-01-09,11.119571626210153,12.01,0.77,6.03,2,0,2014,1
2014-01-10,11.246991144824872,10.14,0.85,3.56,0,0,2014,1
2014-01-11,11.538977954370079,8.59,0.81,2.68,0,0,2014,1
2014-01-12,12.752337201987016,8.91,0.9,3.25,0,0,2014,1
2014-01-13,11.36455371831956,9.72,0.83,4.0,0,0,2014,1
2014-01-14,11.333602044617201,6.82,0.81,2.5,0,0,2014,1
2014-01-15,11.184849439145838,11.19,0.9,4.63,2,0,2014,1
2014-01-16,10.95030754302028,10.72,0.83,5.01,2,0,2014,1
2014-01-17,11.13873606425054,8.47,0.87,4.68,0,0,2014,1
2014-01-18,11.546570302520678,9.99,0.83,4.34,0,0,2014,1
2014-01-19,10.635412507516275,9.37,0.8,1.72,0,0,2014,1
2014-01-20,11.4308828747778,8.44,0.89,0.2,0,0,2014,1
2014-01-21,11.370601341502367,7.66,0.89,2.19,0,0,2014,1
2014-01-22,11.109560086859732,10.02,0.87,2.13,0,0,2014,1
2014-01-23,11.300413875620812,8.44,0.82,3.98,0,0,2014,1
2014-01-24,11.409880228867403,8.01,0.83,2.43,0,0,2014,1
2014-01-25,11.620778216969217,11.77,0.83,4.0,2,0,2014,1
2014-01-26,12.729658709094496,9.03,0.79,4.55,0,0,2014,1
2014-01-27,11.75387095609708,7.95,0.79,5.29,0,0,2014,1
2014-01-28,11.344804701165087,9.12,0.83,4.32,0,0,2014,1
2014-01-29,11.800776505725567,5.46,0.9,4.25,1,0,2014,1
2014-01-30,11.68516887183488,5.94,0.91,1.52,1,0,2014,1
2014-01-31,11.857956924876506,8.83,0.91,4.74,0,0,2014,1
2014-02-01,11.710581932516307,9.72,0.76,6.97,2,0,2014,2
2014-02-02,12.07816435568317,9.3,0.72,4.75,0,0,2014,2
2014-02-03,11.280011482835082,7.99,0.79,4.92,0,0,2014,2
2014-02-04,11.09558443702237,8.88,0.75,5.3,0,0,2014,2
2014-02-05,11.415104542432058,9.64,0.77,7.86,2,0,2014,2
2014-02-06,11.44540333236169,9.81,0.82,4.98,0,0,2014,2
2014-02-07,10.972318254623016,9.81,0.79,3.98,0,0,2014,2
2014-02-08,11.569300456201628,9.13,0.77,8.53,2,0,2014,2
2014-02-09,12.202967430863952,8.18,0.66,8.05,0,0,2014,2
2014-02-10,11.264175173604768,8.78,0.84,1.66,0,0,2014,2
2014-02-11,11.45264931402742,7.51,0.76,4.62,0,0,2014,2
2014-02-12,11.679099381932021,8.83,0.75,7.24,0,0,2014,2
2014-02-13,11.285736726983496,7.37,0.68,5.83,0,0,2014,2
2014-02-14,11.816914332021467,12.02,0.81,6.6,2,0,2014,2
2014-02-15,11.490469615202231,9.9,0.69,9.96,2,0,2014,2
2014-02-16,11.58215902676365,9.98,0.76,3.34,0,0,2014,2
2014-02-17,10.979565988197768,10.67,0.83,4.07,2,0,2014,2
2014-02-18,10.781897981553204,10.13,0.87,3.06,0,0,2014,2
2014-02-19,10.674623602356231,10.13,0.87,3.29,0,0,2014,2
2014-02-20,10.573835396803837,12.5,0.84,5.38,2,0,2014,2
2014-02-21,10.51812649820144,10.15,0.72,5.42,2,0,2014,2
2014-02-22,10.776242109628447,11.63,0.71,4.77,2,0,2014,2
2014-02-23,11.480410763265308,11.94,0.76,7.1,2,0,2014,2
2014-02-24,10.411403084521426,14.23,0.74,5.02,2,0,2014,2
2014-02-25,10.294996596876876,11.43,0.78,5.69,2,0,2014,2
2014-02-26,10.20294532237132,11.29,0.73,3.82,2,0,2014,2
2014-02-27,10.356349899358717,10.31,0.74,4.14,0,0,2014,2
2014-02-28,0.20899659111690394,7.35,0.86,2.24,0,0,2014,2
